Indicator ID,Indicator Name,Parent Code,Parent Name,Area Code,Area Name,Area Type,Time period,Value,Compared to England value or percentiles
93088,Percentage of adults (aged 18+) classified as overweight or obese,E92000001,England,E07000223,Adur,District,2020/21,69.93403875,Worse
93088,Percentage of adults (aged 18+) classified as overweight or obese,E92000001,England,E07000026,Allerdale,District,2020/21,57.79719723,Better
93088,Percentage of adults (aged 18+) classified as overweight or obese,E92000001,England,E07000032,Amber Valley,District,2020/21,62.61780139,Similar
93088,Percentage of adults (aged 18+) classified as overweight or obese,E92000001,England,E07000224,Arun,District,2020/21,66.66717442,Similar
93088,Percentage of adults (aged 18+) classified as overweight or obese,E92000001,England,E07000170,Ashfield,District,2020/21,70.99522833,Worse
93088,Percentage of adults (aged 18+) classified as overweight or obese,E92000001,England,E07000105,Ashford,District,2020/21,63.52679961,Similar
93088,Percentage of adults (aged 18+) classified as overweight or obese,E92000001,England,E07000200,Babergh,District,2020/21,63.83898994,Similar
93088,Percentage of adults (aged 18+) classified as overweight or obese,E92000001,England,E09000002,Barking and Dagenham,UA,2020/21,64.51548251,Similar
93088,Percentage of adults (aged 18+) classified as overweight or obese,E92000001,England,E09000003,Barnet,UA,2020/21,61.12332567,Similar
93088,Percentage of adults (aged 18+) classified as overweight or obese,E92000001,England,E08000016,Barnsley,UA,2020/21,70.56283923,Worse
93088,Percentage of adults (aged 18+) classified as overweight or obese,E92000001,England,E07000027,Barrow-in-Furness,District,2020/21,63.92067669,Similar
93088,Percentage of adults (aged 18+) classified as overweight or obese,E92000001,England,E07000066,Basildon,District,2020/21,69.67811269,Worse
93088,Percentage of adults (aged 18+) classified as overweight or obese,E92000001,England,E07000084,Basingstoke and Deane,District,2020/21,59.97239335,Similar
93088,Percentage of adults (aged 18+) classified as overweight or obese,E92000001,England,E07000171,Bassetlaw,District,2020/21,67.40648495,Similar
93088,Percentage of adults (aged 18+) classified as overweight or obese,E92000001,England,E06000022,Bath and North East Somerset,UA,2020/21,56.27500971,Better
93088,Percentage of adults (aged 18+) classified as overweight or obese,E92000001,England,E06000055,Bedford,UA,2020/21,63.29331444,Similar
93088,Percentage of adults (aged 18+) classified as overweight or obese,E92000001,England,E09000004,Bexley,UA,2020/21,64.60952711,Similar
93088,Percentage of adults (aged 18+) classified as overweight or obese,E92000001,England,E08000025,Birmingham,UA,2020/21,63.54302024,Similar
93088,Percentage of adults (aged 18+) classified as overweight or obese,E92000001,England,E07000129,Blaby,District,2020/21,71.40471816,Worse
93088,Percentage of adults (aged 18+) classified as overweight or obese,E92000001,England,E06000008,Blackburn with Darwen,UA,2020/21,63.61849987,Similar
93088,Percentage of adults (aged 18+) classified as overweight or obese,E92000001,England,E06000009,Blackpool,UA,2020/21,70.45797122,Worse
93088,Percentage of adults (aged 18+) classified as overweight or obese,E92000001,England,E07000033,Bolsover,District,2020/21,68.85987206,Worse
93088,Percentage of adults (aged 18+) classified as overweight or obese,E92000001,England,E08000001,Bolton,UA,2020/21,63.79828816,Similar
93088,Percentage of adults (aged 18+) classified as overweight or obese,E92000001,England,E07000136,Boston,District,2020/21,73.39595728,Worse
93088,Percentage of adults (aged 18+) classified as overweight or obese,E92000001,England,E06000058,"Bournemouth, Christchurch and Poole",UA,2020/21,63.88700438,Similar
93088,Percentage of adults (aged 18+) classified as overweight or obese,E92000001,England,E06000036,Bracknell Forest,UA,2020/21,63.50335249,Similar
93088,Percentage of adults (aged 18+) classified as overweight or obese,E92000001,England,E08000032,Bradford,UA,2020/21,63.22333287,Similar
93088,Percentage of adults (aged 18+) classified as overweight or obese,E92000001,England,E07000067,Braintree,District,2020/21,68.26062187,Worse
93088,Percentage of adults (aged 18+) classified as overweight or obese,E92000001,England,E07000143,Breckland,District,2020/21,62.00871732,Similar
93088,Percentage of adults (aged 18+) classified as overweight or obese,E92000001,England,E09000005,Brent,UA,2020/21,55.89514865,Better
93088,Percentage of adults (aged 18+) classified as overweight or obese,E92000001,England,E07000068,Brentwood,District,2020/21,61.29766867,Similar
93088,Percentage of adults (aged 18+) classified as overweight or obese,E92000001,England,E06000043,Brighton and Hove,UA,2020/21,58.80947713,Better
93088,Percentage of adults (aged 18+) classified as overweight or obese,E92000001,England,E06000023,Bristol,UA,2020/21,55.72755031,Better
93088,Percentage of adults (aged 18+) classified as overweight or obese,E92000001,England,E07000144,Broadland,District,2020/21,61.23239858,Similar
93088,Percentage of adults (aged 18+) classified as overweight or obese,E92000001,England,E09000006,Bromley,UA,2020/21,58.02917367,Better
93088,Percentage of adults (aged 18+) classified as overweight or obese,E92000001,England,E07000234,Bromsgrove,District,2020/21,59.02527237,Similar
93088,Percentage of adults (aged 18+) classified as overweight or obese,E92000001,England,E07000095,Broxbourne,District,2020/21,66.16914535,Similar
93088,Percentage of adults (aged 18+) classified as overweight or obese,E92000001,England,E07000172,Broxtowe,District,2020/21,63.48938205,Similar
93088,Percentage of adults (aged 18+) classified as overweight or obese,E92000001,England,E06000060,Buckinghamshire UA,UA,2020/21,60.95461862,Similar
93088,Percentage of adults (aged 18+) classified as overweight or obese,E92000001,England,E07000117,Burnley,District,2020/21,73.39144096,Worse
93088,Percentage of adults (aged 18+) classified as overweight or obese,E92000001,England,E08000002,Bury,UA,2020/21,61.64575753,Similar
93088,Percentage of adults (aged 18+) classified as overweight or obese,E92000001,England,E08000033,Calderdale,UA,2020/21,63.65735352,Similar
93088,Percentage of adults (aged 18+) classified as overweight or obese,E92000001,England,E07000008,Cambridge,District,2020/21,49.59876247,Better
93088,Percentage of adults (aged 18+) classified as overweight or obese,E92000001,England,E09000007,Camden,UA,2020/21,50.45717399,Better
93088,Percentage of adults (aged 18+) classified as overweight or obese,E92000001,England,E07000192,Cannock Chase,District,2020/21,73.74739883,Worse
93088,Percentage of adults (aged 18+) classified as overweight or obese,E92000001,England,E07000106,Canterbury,District,2020/21,59.16031813,Similar
93088,Percentage of adults (aged 18+) classified as overweight or obese,E92000001,England,E07000028,Carlisle,District,2020/21,70.34480146,Worse
93088,Percentage of adults (aged 18+) classified as overweight or obese,E92000001,England,E07000069,Castle Point,District,2020/21,70.45094551,Worse
93088,Percentage of adults (aged 18+) classified as overweight or obese,E92000001,England,E06000056,Central Bedfordshire,UA,2020/21,65.83704788,Similar
93088,Percentage of adults (aged 18+) classified as overweight or obese,E92000001,England,E07000130,Charnwood,District,2020/21,62.61423234,Similar
93088,Percentage of adults (aged 18+) classified as overweight or obese,E92000001,England,E07000070,Chelmsford,District,2020/21,58.14518841,Better
93088,Percentage of adults (aged 18+) classified as overweight or obese,E92000001,England,E07000078,Cheltenham,District,2020/21,59.03252101,Similar
93088,Percentage of adults (aged 18+) classified as overweight or obese,E92000001,England,E07000177,Cherwell,District,2020/21,65.81376722,Similar
93088,Percentage of adults (aged 18+) classified as overweight or obese,E92000001,England,E06000049,Cheshire East,UA,2020/21,68.30427375,Worse
93088,Percentage of adults (aged 18+) classified as overweight or obese,E92000001,England,E06000050,Cheshire West and Chester,UA,2020/21,60.24013271,Similar
93088,Percentage of adults (aged 18+) classified as overweight or obese,E92000001,England,E07000034,Chesterfield,District,2020/21,70.08051214,Worse
93088,Percentage of adults (aged 18+) classified as overweight or obese,E92000001,England,E07000225,Chichester,District,2020/21,59.39709679,Similar
93088,Percentage of adults (aged 18+) classified as overweight or obese,E92000001,England,E07000118,Chorley,District,2020/21,65.78404084,Similar
93088,Percentage of adults (aged 18+) classified as overweight or obese,E92000001,England,E09000001,City of London,UA,2020/21,51.34040132,Better
93088,Percentage of adults (aged 18+) classified as overweight or obese,E92000001,England,E07000071,Colchester,District,2020/21,66.21064263,Similar
93088,Percentage of adults (aged 18+) classified as overweight or obese,E92000001,England,E07000029,Copeland,District,2020/21,65.58632054,Similar
93088,Percentage of adults (aged 18+) classified as overweight or obese,E92000001,England,E06000052,Cornwall,UA,2020/21,62.70671883,Similar
93088,Percentage of adults (aged 18+) classified as overweight or obese,E92000001,England,E07000079,Cotswold,District,2020/21,60.74808171,Similar
93088,Percentage of adults (aged 18+) classified as overweight or obese,E92000001,England,E06000047,County Durham,UA,2020/21,70.81948784,Worse
93088,Percentage of adults (aged 18+) classified as overweight or obese,E92000001,England,E08000026,Coventry,UA,2020/21,68.36599266,Worse
93088,Percentage of adults (aged 18+) classified as overweight or obese,E92000001,England,E07000163,Craven,District,2020/21,54.95695757,Better
93088,Percentage of adults (aged 18+) classified as overweight or obese,E92000001,England,E07000226,Crawley,District,2020/21,66.52316345,Similar
93088,Percentage of adults (aged 18+) classified as overweight or obese,E92000001,England,E09000008,Croydon,UA,2020/21,61.80922665,Similar
93088,Percentage of adults (aged 18+) classified as overweight or obese,E92000001,England,E07000096,Dacorum,District,2020/21,61.82569789,Similar
93088,Percentage of adults (aged 18+) classified as overweight or obese,E92000001,England,E06000005,Darlington,UA,2020/21,72.5304907,Worse
93088,Percentage of adults (aged 18+) classified as overweight or obese,E92000001,England,E07000107,Dartford,District,2020/21,70.37273909,Worse
93088,Percentage of adults (aged 18+) classified as overweight or obese,E92000001,England,E06000015,Derby,UA,2020/21,65.42269953,Similar
93088,Percentage of adults (aged 18+) classified as overweight or obese,E92000001,England,E07000035,Derbyshire Dales,District,2020/21,59.60132842,Similar
93088,Percentage of adults (aged 18+) classified as overweight or obese,E92000001,England,E08000017,Doncaster,UA,2020/21,71.02929683,Worse
93088,Percentage of adults (aged 18+) classified as overweight or obese,E92000001,England,E06000059,Dorset,UA,2020/21,59.04029956,Similar
93088,Percentage of adults (aged 18+) classified as overweight or obese,E92000001,England,E07000108,Dover,District,2020/21,64.26893394,Similar
93088,Percentage of adults (aged 18+) classified as overweight or obese,E92000001,England,E08000027,Dudley,UA,2020/21,66.8008882,Similar
93088,Percentage of adults (aged 18+) classified as overweight or obese,E92000001,England,E09000009,Ealing,UA,2020/21,53.00907957,Better
93088,Percentage of adults (aged 18+) classified as overweight or obese,E92000001,England,E07000009,East Cambridgeshire,District,2020/21,63.35672292,Similar
93088,Percentage of adults (aged 18+) classified as overweight or obese,E92000001,England,E07000040,East Devon,District,2020/21,65.17154286,Similar
93088,Percentage of adults (aged 18+) classified as overweight or obese,E92000001,England,E07000085,East Hampshire,District,2020/21,60.73301454,Similar
93088,Percentage of adults (aged 18+) classified as overweight or obese,E92000001,England,E07000242,East Hertfordshire,District,2020/21,63.38524812,Similar
93088,Percentage of adults (aged 18+) classified as overweight or obese,E92000001,England,E07000137,East Lindsey,District,2020/21,62.35011011,Similar
93088,Percentage of adults (aged 18+) classified as overweight or obese,E92000001,England,E06000011,East Riding of Yorkshire,UA,2020/21,67.62999593,Similar
93088,Percentage of adults (aged 18+) classified as overweight or obese,E92000001,England,E07000193,East Staffordshire,District,2020/21,70.61350138,Worse
93088,Percentage of adults (aged 18+) classified as overweight or obese,E92000001,England,E07000244,East Suffolk,District,2020/21,61.88207131,Similar
93088,Percentage of adults (aged 18+) classified as overweight or obese,E92000001,England,E07000061,Eastbourne,District,2020/21,60.90669061,Similar
93088,Percentage of adults (aged 18+) classified as overweight or obese,E92000001,England,E07000086,Eastleigh,District,2020/21,65.90580892,Similar
93088,Percentage of adults (aged 18+) classified as overweight or obese,E92000001,England,E07000030,Eden,District,2020/21,66.82576751,Similar
93088,Percentage of adults (aged 18+) classified as overweight or obese,E92000001,England,E07000207,Elmbridge,District,2020/21,50.83361209,Better
93088,Percentage of adults (aged 18+) classified as overweight or obese,E92000001,England,E09000010,Enfield,UA,2020/21,60.89360634,Similar
93088,Percentage of adults (aged 18+) classified as overweight or obese,E92000001,England,E07000072,Epping Forest,District,2020/21,57.45089896,Better
93088,Percentage of adults (aged 18+) classified as overweight or obese,E92000001,England,E07000208,Epsom and Ewell,District,2020/21,58.62331461,Better
93088,Percentage of adults (aged 18+) classified as overweight or obese,E92000001,England,E07000036,Erewash,District,2020/21,72.15601173,Worse
93088,Percentage of adults (aged 18+) classified as overweight or obese,E92000001,England,E07000041,Exeter,District,2020/21,61.26332727,Similar
93088,Percentage of adults (aged 18+) classified as overweight or obese,E92000001,England,E07000087,Fareham,District,2020/21,62.4717288,Similar
93088,Percentage of adults (aged 18+) classified as overweight or obese,E92000001,England,E07000010,Fenland,District,2020/21,67.13047739,Similar
93088,Percentage of adults (aged 18+) classified as overweight or obese,E92000001,England,E07000112,Folkestone & Hythe,District,2020/21,66.74895705,Similar
93088,Percentage of adults (aged 18+) classified as overweight or obese,E92000001,England,E07000080,Forest of Dean,District,2020/21,70.34125705,Worse
93088,Percentage of adults (aged 18+) classified as overweight or obese,E92000001,England,E07000119,Fylde,District,2020/21,67.77786487,Similar
93088,Percentage of adults (aged 18+) classified as overweight or obese,E92000001,England,E08000037,Gateshead,UA,2020/21,73.34094083,Worse
93088,Percentage of adults (aged 18+) classified as overweight or obese,E92000001,England,E07000173,Gedling,District,2020/21,62.88876756,Similar
93088,Percentage of adults (aged 18+) classified as overweight or obese,E92000001,England,E07000081,Gloucester,District,2020/21,72.06430957,Worse
93088,Percentage of adults (aged 18+) classified as overweight or obese,E92000001,England,E07000088,Gosport,District,2020/21,70.96086398,Worse
93088,Percentage of adults (aged 18+) classified as overweight or obese,E92000001,England,E07000109,Gravesham,District,2020/21,65.24037008,Similar
93088,Percentage of adults (aged 18+) classified as overweight or obese,E92000001,England,E07000145,Great Yarmouth,District,2020/21,68.70002245,Worse
93088,Percentage of adults (aged 18+) classified as overweight or obese,E92000001,England,E09000011,Greenwich,UA,2020/21,62.23814002,Similar
93088,Percentage of adults (aged 18+) classified as overweight or obese,E92000001,England,E07000209,Guildford,District,2020/21,59.81786475,Similar
93088,Percentage of adults (aged 18+) classified as overweight or obese,E92000001,England,E09000012,Hackney,UA,2020/21,52.36684176,Better
93088,Percentage of adults (aged 18+) classified as overweight or obese,E92000001,England,E06000006,Halton,UA,2020/21,65.04049192,Similar
93088,Percentage of adults (aged 18+) classified as overweight or obese,E92000001,England,E07000164,Hambleton,District,2020/21,64.05364961,Similar
93088,Percentage of adults (aged 18+) classified as overweight or obese,E92000001,England,E09000013,Hammersmith and Fulham,UA,2020/21,46.43553682,Better
93088,Percentage of adults (aged 18+) classified as overweight or obese,E92000001,England,E07000131,Harborough,District,2020/21,59.67908866,Similar
93088,Percentage of adults (aged 18+) classified as overweight or obese,E92000001,England,E09000014,Haringey,UA,2020/21,49.54994635,Better
93088,Percentage of adults (aged 18+) classified as overweight or obese,E92000001,England,E07000073,Harlow,District,2020/21,73.49641059,Worse
93088,Percentage of adults (aged 18+) classified as overweight or obese,E92000001,England,E07000165,Harrogate,District,2020/21,59.40961414,Similar
93088,Percentage of adults (aged 18+) classified as overweight or obese,E92000001,England,E09000015,Harrow,UA,2020/21,52.96188436,Better
93088,Percentage of adults (aged 18+) classified as overweight or obese,E92000001,England,E07000089,Hart,District,2020/21,63.1020261,Similar
93088,Percentage of adults (aged 18+) classified as overweight or obese,E92000001,England,E06000001,Hartlepool,UA,2020/21,74.57660827,Worse
93088,Percentage of adults (aged 18+) classified as overweight or obese,E92000001,England,E07000062,Hastings,District,2020/21,63.730062,Similar
93088,Percentage of adults (aged 18+) classified as overweight or obese,E92000001,England,E07000090,Havant,District,2020/21,63.898039,Similar
93088,Percentage of adults (aged 18+) classified as overweight or obese,E92000001,England,E09000016,Havering,UA,2020/21,68.81589037,Worse
93088,Percentage of adults (aged 18+) classified as overweight or obese,E92000001,England,E06000019,Herefordshire,UA,2020/21,66.95076728,Similar
93088,Percentage of adults (aged 18+) classified as overweight or obese,E92000001,England,E07000098,Hertsmere,District,2020/21,62.758477,Similar
93088,Percentage of adults (aged 18+) classified as overweight or obese,E92000001,England,E07000037,High Peak,District,2020/21,66.96247641,Similar
93088,Percentage of adults (aged 18+) classified as overweight or obese,E92000001,England,E09000017,Hillingdon,UA,2020/21,55.73756139,Better
93088,Percentage of adults (aged 18+) classified as overweight or obese,E92000001,England,E07000132,Hinckley and Bosworth,District,2020/21,68.50711912,Worse
93088,Percentage of adults (aged 18+) classified as overweight or obese,E92000001,England,E07000227,Horsham,District,2020/21,63.23217592,Similar
93088,Percentage of adults (aged 18+) classified as overweight or obese,E92000001,England,E09000018,Hounslow,UA,2020/21,63.2336962,Similar
93088,Percentage of adults (aged 18+) classified as overweight or obese,E92000001,England,E07000011,Huntingdonshire,District,2020/21,65.32691405,Similar
93088,Percentage of adults (aged 18+) classified as overweight or obese,E92000001,England,E07000120,Hyndburn,District,2020/21,71.12031051,Worse
93088,Percentage of adults (aged 18+) classified as overweight or obese,E92000001,England,E07000202,Ipswich,District,2020/21,68.23762791,Worse
93088,Percentage of adults (aged 18+) classified as overweight or obese,E92000001,England,E06000046,Isle of Wight,UA,2020/21,61.72617248,Similar
93088,Percentage of adults (aged 18+) classified as overweight or obese,E92000001,England,E06000053,Isles of Scilly,UA,2020/21,57.30931235,Similar
93088,Percentage of adults (aged 18+) classified as overweight or obese,E92000001,England,E09000019,Islington,UA,2020/21,43.96550251,Better
93088,Percentage of adults (aged 18+) classified as overweight or obese,E92000001,England,E09000020,Kensington and Chelsea,UA,2020/21,46.43773679,Better
93088,Percentage of adults (aged 18+) classified as overweight or obese,E92000001,England,E07000146,King's Lynn and West Norfolk,District,2020/21,68.26916593,Worse
93088,Percentage of adults (aged 18+) classified as overweight or obese,E92000001,England,E06000010,Kingston upon Hull,UA,2020/21,70.7091709,Worse
93088,Percentage of adults (aged 18+) classified as overweight or obese,E92000001,England,E09000021,Kingston upon Thames,UA,2020/21,57.6050234,Better
93088,Percentage of adults (aged 18+) classified as overweight or obese,E92000001,England,E08000034,Kirklees,UA,2020/21,69.67284274,Worse
93088,Percentage of adults (aged 18+) classified as overweight or obese,E92000001,England,E08000011,Knowsley,UA,2020/21,73.96971376,Worse
93088,Percentage of adults (aged 18+) classified as overweight or obese,E92000001,England,E09000022,Lambeth,UA,2020/21,57.77388075,Better
93088,Percentage of adults (aged 18+) classified as overweight or obese,E92000001,England,E07000121,Lancaster,District,2020/21,66.10083065,Similar
93088,Percentage of adults (aged 18+) classified as overweight or obese,E92000001,England,E08000035,Leeds,UA,2020/21,63.55740268,Similar
93088,Percentage of adults (aged 18+) classified as overweight or obese,E92000001,England,E06000016,Leicester,UA,2020/21,60.22124618,Similar
93088,Percentage of adults (aged 18+) classified as overweight or obese,E92000001,England,E07000063,Lewes,District,2020/21,61.57125256,Similar
93088,Percentage of adults (aged 18+) classified as overweight or obese,E92000001,England,E09000023,Lewisham,UA,2020/21,51.01852027,Better
93088,Percentage of adults (aged 18+) classified as overweight or obese,E92000001,England,E07000194,Lichfield,District,2020/21,64.88528314,Similar
93088,Percentage of adults (aged 18+) classified as overweight or obese,E92000001,England,E07000138,Lincoln,District,2020/21,67.4951408,Similar
93088,Percentage of adults (aged 18+) classified as overweight or obese,E92000001,England,E08000012,Liverpool,UA,2020/21,65.89770238,Worse
93088,Percentage of adults (aged 18+) classified as overweight or obese,E92000001,England,E06000032,Luton,UA,2020/21,67.51032445,Similar
93088,Percentage of adults (aged 18+) classified as overweight or obese,E92000001,England,E07000110,Maidstone,District,2020/21,61.03382679,Similar
93088,Percentage of adults (aged 18+) classified as overweight or obese,E92000001,England,E07000074,Maldon,District,2020/21,69.08921412,Worse
93088,Percentage of adults (aged 18+) classified as overweight or obese,E92000001,England,E07000235,Malvern Hills,District,2020/21,59.95605886,Similar
93088,Percentage of adults (aged 18+) classified as overweight or obese,E92000001,England,E08000003,Manchester,UA,2020/21,61.69750384,Similar
93088,Percentage of adults (aged 18+) classified as overweight or obese,E92000001,England,E07000174,Mansfield,District,2020/21,67.59465629,Similar
93088,Percentage of adults (aged 18+) classified as overweight or obese,E92000001,England,E06000035,Medway,UA,2020/21,69.37409965,Worse
93088,Percentage of adults (aged 18+) classified as overweight or obese,E92000001,England,E07000133,Melton,District,2020/21,58.35214208,Better
93088,Percentage of adults (aged 18+) classified as overweight or obese,E92000001,England,E07000187,Mendip,District,2020/21,63.21084514,Similar
93088,Percentage of adults (aged 18+) classified as overweight or obese,E92000001,England,E09000024,Merton,UA,2020/21,50.37279953,Better
93088,Percentage of adults (aged 18+) classified as overweight or obese,E92000001,England,E07000042,Mid Devon,District,2020/21,63.12425585,Similar
93088,Percentage of adults (aged 18+) classified as overweight or obese,E92000001,England,E07000203,Mid Suffolk,District,2020/21,60.43500402,Similar
93088,Percentage of adults (aged 18+) classified as overweight or obese,E92000001,England,E07000228,Mid Sussex,District,2020/21,65.30971403,Similar
93088,Percentage of adults (aged 18+) classified as overweight or obese,E92000001,England,E06000002,Middlesbrough,UA,2020/21,70.76404121,Worse
93088,Percentage of adults (aged 18+) classified as overweight or obese,E92000001,England,E06000042,Milton Keynes,UA,2020/21,69.34447432,Worse
93088,Percentage of adults (aged 18+) classified as overweight or obese,E92000001,England,E07000210,Mole Valley,District,2020/21,54.54457011,Better
93088,Percentage of adults (aged 18+) classified as overweight or obese,E92000001,England,E07000091,New Forest,District,2020/21,65.46708524,Similar
93088,Percentage of adults (aged 18+) classified as overweight or obese,E92000001,England,E07000175,Newark and Sherwood,District,2020/21,66.87527028,Similar
93088,Percentage of adults (aged 18+) classified as overweight or obese,E92000001,England,E08000021,Newcastle upon Tyne,UA,2020/21,66.57413883,Worse
93088,Percentage of adults (aged 18+) classified as overweight or obese,E92000001,England,E07000195,Newcastle-under-Lyme,District,2020/21,69.18152449,Worse
93088,Percentage of adults (aged 18+) classified as overweight or obese,E92000001,England,E09000025,Newham,UA,2020/21,61.24938361,Similar
93088,Percentage of adults (aged 18+) classified as overweight or obese,E92000001,England,E07000043,North Devon,District,2020/21,64.12322821,Similar
93088,Percentage of adults (aged 18+) classified as overweight or obese,E92000001,England,E07000038,North East Derbyshire,District,2020/21,73.76521356,Worse
93088,Percentage of adults (aged 18+) classified as overweight or obese,E92000001,England,E06000012,North East Lincolnshire,UA,2020/21,67.63600112,Similar
93088,Percentage of adults (aged 18+) classified as overweight or obese,E92000001,England,E07000099,North Hertfordshire,District,2020/21,55.51007264,Better
93088,Percentage of adults (aged 18+) classified as overweight or obese,E92000001,England,E07000139,North Kesteven,District,2020/21,63.34313756,Similar
93088,Percentage of adults (aged 18+) classified as overweight or obese,E92000001,England,E06000013,North Lincolnshire,UA,2020/21,67.62153569,Similar
93088,Percentage of adults (aged 18+) classified as overweight or obese,E92000001,England,E07000147,North Norfolk,District,2020/21,69.3291972,Worse
93088,Percentage of adults (aged 18+) classified as overweight or obese,E92000001,England,E06000061,North Northamptonshire,UA,2020/21,69.60060282,Worse
93088,Percentage of adults (aged 18+) classified as overweight or obese,E92000001,England,E06000024,North Somerset,UA,2020/21,64.210384,Similar
93088,Percentage of adults (aged 18+) classified as overweight or obese,E92000001,England,E08000022,North Tyneside,UA,2020/21,65.86182732,Similar
93088,Percentage of adults (aged 18+) classified as overweight or obese,E92000001,England,E07000218,North Warwickshire,District,2020/21,69.38524987,Worse
93088,Percentage of adults (aged 18+) classified as overweight or obese,E92000001,England,E07000134,North West Leicestershire,District,2020/21,70.93480558,Worse
93088,Percentage of adults (aged 18+) classified as overweight or obese,E92000001,England,E06000057,Northumberland,UA,2020/21,65.88752586,Similar
93088,Percentage of adults (aged 18+) classified as overweight or obese,E92000001,England,E07000148,Norwich,District,2020/21,61.76020394,Similar
93088,Percentage of adults (aged 18+) classified as overweight or obese,E92000001,England,E06000018,Nottingham,UA,2020/21,66.92275483,Worse
93088,Percentage of adults (aged 18+) classified as overweight or obese,E92000001,England,E07000219,Nuneaton and Bedworth,District,2020/21,69.14298968,Worse
93088,Percentage of adults (aged 18+) classified as overweight or obese,E92000001,England,E07000135,Oadby and Wigston,District,2020/21,66.28463903,Similar
93088,Percentage of adults (aged 18+) classified as overweight or obese,E92000001,England,E08000004,Oldham,UA,2020/21,70.38280222,Worse
93088,Percentage of adults (aged 18+) classified as overweight or obese,E92000001,England,E07000178,Oxford,District,2020/21,48.4397982,Better
93088,Percentage of adults (aged 18+) classified as overweight or obese,E92000001,England,E07000122,Pendle,District,2020/21,68.70128771,Worse
93088,Percentage of adults (aged 18+) classified as overweight or obese,E92000001,England,E06000031,Peterborough,UA,2020/21,60.69873529,Similar
93088,Percentage of adults (aged 18+) classified as overweight or obese,E92000001,England,E06000026,Plymouth,UA,2020/21,68.79930044,Worse
93088,Percentage of adults (aged 18+) classified as overweight or obese,E92000001,England,E06000044,Portsmouth,UA,2020/21,65.43824825,Similar
93088,Percentage of adults (aged 18+) classified as overweight or obese,E92000001,England,E07000123,Preston,District,2020/21,62.76866845,Similar
93088,Percentage of adults (aged 18+) classified as overweight or obese,E92000001,England,E06000038,Reading,UA,2020/21,63.51179234,Similar
93088,Percentage of adults (aged 18+) classified as overweight or obese,E92000001,England,E09000026,Redbridge,UA,2020/21,57.44819741,Better
93088,Percentage of adults (aged 18+) classified as overweight or obese,E92000001,England,E06000003,Redcar and Cleveland,UA,2020/21,68.49471714,Worse
93088,Percentage of adults (aged 18+) classified as overweight or obese,E92000001,England,E07000236,Redditch,District,2020/21,67.44457329,Similar
93088,Percentage of adults (aged 18+) classified as overweight or obese,E92000001,England,E07000211,Reigate and Banstead,District,2020/21,60.95211171,Similar
93088,Percentage of adults (aged 18+) classified as overweight or obese,E92000001,England,E07000124,Ribble Valley,District,2020/21,60.68436262,Similar
93088,Percentage of adults (aged 18+) classified as overweight or obese,E92000001,England,E09000027,Richmond upon Thames,UA,2020/21,45.5369234,Better
93088,Percentage of adults (aged 18+) classified as overweight or obese,E92000001,England,E07000166,Richmondshire,District,2020/21,64.39319941,Similar
93088,Percentage of adults (aged 18+) classified as overweight or obese,E92000001,England,E08000005,Rochdale,UA,2020/21,69.72973221,Worse
93088,Percentage of adults (aged 18+) classified as overweight or obese,E92000001,England,E07000075,Rochford,District,2020/21,67.24697794,Similar
93088,Percentage of adults (aged 18+) classified as overweight or obese,E92000001,England,E07000125,Rossendale,District,2020/21,67.89251583,Similar
93088,Percentage of adults (aged 18+) classified as overweight or obese,E92000001,England,E07000064,Rother,District,2020/21,66.78558113,Similar
93088,Percentage of adults (aged 18+) classified as overweight or obese,E92000001,England,E08000018,Rotherham,UA,2020/21,68.33256493,Worse
93088,Percentage of adults (aged 18+) classified as overweight or obese,E92000001,England,E07000220,Rugby,District,2020/21,68.46857596,Worse
93088,Percentage of adults (aged 18+) classified as overweight or obese,E92000001,England,E07000212,Runnymede,District,2020/21,62.09676574,Similar
93088,Percentage of adults (aged 18+) classified as overweight or obese,E92000001,England,E07000176,Rushcliffe,District,2020/21,56.35372887,Better
93088,Percentage of adults (aged 18+) classified as overweight or obese,E92000001,England,E07000092,Rushmoor,District,2020/21,64.66501564,Similar
93088,Percentage of adults (aged 18+) classified as overweight or obese,E92000001,England,E06000017,Rutland,UA,2020/21,59.52598708,Similar
93088,Percentage of adults (aged 18+) classified as overweight or obese,E92000001,England,E07000167,Ryedale,District,2020/21,62.26840441,Similar
93088,Percentage of adults (aged 18+) classified as overweight or obese,E92000001,England,E08000006,Salford,UA,2020/21,66.69686085,Worse
93088,Percentage of adults (aged 18+) classified as overweight or obese,E92000001,England,E08000028,Sandwell,UA,2020/21,70.82469975,Worse
93088,Percentage of adults (aged 18+) classified as overweight or obese,E92000001,England,E07000168,Scarborough,District,2020/21,59.30794872,Similar
93088,Percentage of adults (aged 18+) classified as overweight or obese,E92000001,England,E07000188,Sedgemoor,District,2020/21,62.65176948,Similar
93088,Percentage of adults (aged 18+) classified as overweight or obese,E92000001,England,E08000014,Sefton,UA,2020/21,71.47699195,Worse
93088,Percentage of adults (aged 18+) classified as overweight or obese,E92000001,England,E07000169,Selby,District,2020/21,66.25011952,Similar
93088,Percentage of adults (aged 18+) classified as overweight or obese,E92000001,England,E07000111,Sevenoaks,District,2020/21,55.31759152,Better
93088,Percentage of adults (aged 18+) classified as overweight or obese,E92000001,England,E08000019,Sheffield,UA,2020/21,63.85963112,Similar
93088,Percentage of adults (aged 18+) classified as overweight or obese,E92000001,England,E06000051,Shropshire,UA,2020/21,67.96253674,Worse
93088,Percentage of adults (aged 18+) classified as overweight or obese,E92000001,England,E06000039,Slough,UA,2020/21,61.94903767,Similar
93088,Percentage of adults (aged 18+) classified as overweight or obese,E92000001,England,E08000029,Solihull,UA,2020/21,62.75094142,Similar
93088,Percentage of adults (aged 18+) classified as overweight or obese,E92000001,England,E07000246,Somerset West and Taunton,District,2020/21,62.64645664,Similar
93088,Percentage of adults (aged 18+) classified as overweight or obese,E92000001,England,E07000012,South Cambridgeshire,District,2020/21,58.32088805,Better
93088,Percentage of adults (aged 18+) classified as overweight or obese,E92000001,England,E07000039,South Derbyshire,District,2020/21,70.43507504,Worse
93088,Percentage of adults (aged 18+) classified as overweight or obese,E92000001,England,E06000025,South Gloucestershire,UA,2020/21,62.57226168,Similar
93088,Percentage of adults (aged 18+) classified as overweight or obese,E92000001,England,E07000044,South Hams,District,2020/21,50.81753227,Better
93088,Percentage of adults (aged 18+) classified as overweight or obese,E92000001,England,E07000140,South Holland,District,2020/21,72.93290387,Worse
93088,Percentage of adults (aged 18+) classified as overweight or obese,E92000001,England,E07000141,South Kesteven,District,2020/21,68.92965911,Worse
93088,Percentage of adults (aged 18+) classified as overweight or obese,E92000001,England,E07000031,South Lakeland,District,2020/21,57.50468885,Better
93088,Percentage of adults (aged 18+) classified as overweight or obese,E92000001,England,E07000149,South Norfolk,District,2020/21,59.75912189,Similar
93088,Percentage of adults (aged 18+) classified as overweight or obese,E92000001,England,E07000179,South Oxfordshire,District,2020/21,59.80044464,Similar
93088,Percentage of adults (aged 18+) classified as overweight or obese,E92000001,England,E07000126,South Ribble,District,2020/21,61.54348788,Similar
93088,Percentage of adults (aged 18+) classified as overweight or obese,E92000001,England,E07000189,South Somerset,District,2020/21,60.52775929,Similar
93088,Percentage of adults (aged 18+) classified as overweight or obese,E92000001,England,E07000196,South Staffordshire,District,2020/21,68.35143981,Worse
93088,Percentage of adults (aged 18+) classified as overweight or obese,E92000001,England,E08000023,South Tyneside,UA,2020/21,65.90019405,Similar
93088,Percentage of adults (aged 18+) classified as overweight or obese,E92000001,England,E06000045,Southampton,UA,2020/21,64.99492504,Similar
93088,Percentage of adults (aged 18+) classified as overweight or obese,E92000001,England,E06000033,Southend-on-Sea,UA,2020/21,68.83133465,Worse
93088,Percentage of adults (aged 18+) classified as overweight or obese,E92000001,England,E09000028,Southwark,UA,2020/21,47.92158133,Better
93088,Percentage of adults (aged 18+) classified as overweight or obese,E92000001,England,E07000213,Spelthorne,District,2020/21,64.36181099,Similar
93088,Percentage of adults (aged 18+) classified as overweight or obese,E92000001,England,E07000240,St Albans,District,2020/21,50.95412076,Better
93088,Percentage of adults (aged 18+) classified as overweight or obese,E92000001,England,E08000013,St. Helens,UA,2020/21,67.56333393,Similar
93088,Percentage of adults (aged 18+) classified as overweight or obese,E92000001,England,E07000197,Stafford,District,2020/21,61.69967147,Similar
93088,Percentage of adults (aged 18+) classified as overweight or obese,E92000001,England,E07000198,Staffordshire Moorlands,District,2020/21,68.82774696,Worse
93088,Percentage of adults (aged 18+) classified as overweight or obese,E92000001,England,E07000243,Stevenage,District,2020/21,68.45862533,Worse
93088,Percentage of adults (aged 18+) classified as overweight or obese,E92000001,England,E08000007,Stockport,UA,2020/21,63.14483474,Similar
93088,Percentage of adults (aged 18+) classified as overweight or obese,E92000001,England,E06000004,Stockton-on-Tees,UA,2020/21,75.79037035,Worse
93088,Percentage of adults (aged 18+) classified as overweight or obese,E92000001,England,E06000021,Stoke-on-Trent,UA,2020/21,68.72946981,Worse
93088,Percentage of adults (aged 18+) classified as overweight or obese,E92000001,England,E07000221,Stratford-on-Avon,District,2020/21,64.19138474,Similar
93088,Percentage of adults (aged 18+) classified as overweight or obese,E92000001,England,E07000082,Stroud,District,2020/21,62.21871144,Similar
93088,Percentage of adults (aged 18+) classified as overweight or obese,E92000001,England,E08000024,Sunderland,UA,2020/21,69.14693305,Worse
93088,Percentage of adults (aged 18+) classified as overweight or obese,E92000001,England,E07000214,Surrey Heath,District,2020/21,62.32984685,Similar
93088,Percentage of adults (aged 18+) classified as overweight or obese,E92000001,England,E09000029,Sutton,UA,2020/21,62.78524551,Similar
93088,Percentage of adults (aged 18+) classified as overweight or obese,E92000001,England,E07000113,Swale,District,2020/21,70.62638049,Worse
93088,Percentage of adults (aged 18+) classified as overweight or obese,E92000001,England,E06000030,Swindon,UA,2020/21,64.9871028,Similar
93088,Percentage of adults (aged 18+) classified as overweight or obese,E92000001,England,E08000008,Tameside,UA,2020/21,70.34522383,Worse
93088,Percentage of adults (aged 18+) classified as overweight or obese,E92000001,England,E07000199,Tamworth,District,2020/21,74.94458664,Worse
93088,Percentage of adults (aged 18+) classified as overweight or obese,E92000001,England,E07000215,Tandridge,District,2020/21,56.68393973,Better
93088,Percentage of adults (aged 18+) classified as overweight or obese,E92000001,England,E07000045,Teignbridge,District,2020/21,64.26935955,Similar
93088,Percentage of adults (aged 18+) classified as overweight or obese,E92000001,England,E06000020,Telford and Wrekin,UA,2020/21,70.63545525,Worse
93088,Percentage of adults (aged 18+) classified as overweight or obese,E92000001,England,E07000076,Tendring,District,2020/21,67.84244959,Worse
93088,Percentage of adults (aged 18+) classified as overweight or obese,E92000001,England,E07000093,Test Valley,District,2020/21,62.51971662,Similar
93088,Percentage of adults (aged 18+) classified as overweight or obese,E92000001,England,E07000083,Tewkesbury,District,2020/21,67.58361826,Similar
93088,Percentage of adults (aged 18+) classified as overweight or obese,E92000001,England,E07000114,Thanet,District,2020/21,65.08161061,Similar
93088,Percentage of adults (aged 18+) classified as overweight or obese,E92000001,England,E07000102,Three Rivers,District,2020/21,62.85779899,Similar
93088,Percentage of adults (aged 18+) classified as overweight or obese,E92000001,England,E06000034,Thurrock,UA,2020/21,76.34524493,Worse
93088,Percentage of adults (aged 18+) classified as overweight or obese,E92000001,England,E07000115,Tonbridge and Malling,District,2020/21,57.36372181,Better
93088,Percentage of adults (aged 18+) classified as overweight or obese,E92000001,England,E06000027,Torbay,UA,2020/21,59.4335762,Similar
93088,Percentage of adults (aged 18+) classified as overweight or obese,E92000001,England,E07000046,Torridge,District,2020/21,65.7223635,Similar
93088,Percentage of adults (aged 18+) classified as overweight or obese,E92000001,England,E09000030,Tower Hamlets,UA,2020/21,53.54065535,Better
93088,Percentage of adults (aged 18+) classified as overweight or obese,E92000001,England,E08000009,Trafford,UA,2020/21,60.69255718,Similar
93088,Percentage of adults (aged 18+) classified as overweight or obese,E92000001,England,E07000116,Tunbridge Wells,District,2020/21,58.67852168,Better
93088,Percentage of adults (aged 18+) classified as overweight or obese,E92000001,England,E07000077,Uttlesford,District,2020/21,64.33683329,Similar
93088,Percentage of adults (aged 18+) classified as overweight or obese,E92000001,England,E07000180,Vale of White Horse,District,2020/21,57.25969406,Better
93088,Percentage of adults (aged 18+) classified as overweight or obese,E92000001,England,E08000036,Wakefield,UA,2020/21,71.637536,Worse
93088,Percentage of adults (aged 18+) classified as overweight or obese,E92000001,England,E08000030,Walsall,UA,2020/21,71.52771063,Worse
93088,Percentage of adults (aged 18+) classified as overweight or obese,E92000001,England,E09000031,Waltham Forest,UA,2020/21,54.68428443,Better
93088,Percentage of adults (aged 18+) classified as overweight or obese,E92000001,England,E09000032,Wandsworth,UA,2020/21,49.66695405,Better
93088,Percentage of adults (aged 18+) classified as overweight or obese,E92000001,England,E06000007,Warrington,UA,2020/21,64.17706919,Similar
93088,Percentage of adults (aged 18+) classified as overweight or obese,E92000001,England,E07000222,Warwick,District,2020/21,62.33664768,Similar
93088,Percentage of adults (aged 18+) classified as overweight or obese,E92000001,England,E07000103,Watford,District,2020/21,67.34513302,Similar
93088,Percentage of adults (aged 18+) classified as overweight or obese,E92000001,England,E07000216,Waverley,District,2020/21,56.69470182,Better
93088,Percentage of adults (aged 18+) classified as overweight or obese,E92000001,England,E07000065,Wealden,District,2020/21,68.65331842,Worse
93088,Percentage of adults (aged 18+) classified as overweight or obese,E92000001,England,E07000241,Welwyn Hatfield,District,2020/21,64.4602651,Similar
93088,Percentage of adults (aged 18+) classified as overweight or obese,E92000001,England,E06000037,West Berkshire,UA,2020/21,61.49926099,Similar
93088,Percentage of adults (aged 18+) classified as overweight or obese,E92000001,England,E07000047,West Devon,District,2020/21,62.95303109,Similar
93088,Percentage of adults (aged 18+) classified as overweight or obese,E92000001,England,E07000127,West Lancashire,District,2020/21,65.12065106,Similar
93088,Percentage of adults (aged 18+) classified as overweight or obese,E92000001,England,E07000142,West Lindsey,District,2020/21,67.28285831,Similar
93088,Percentage of adults (aged 18+) classified as overweight or obese,E92000001,England,E06000062,West Northamptonshire,UA,2020/21,68.91660823,Worse
93088,Percentage of adults (aged 18+) classified as overweight or obese,E92000001,England,E07000181,West Oxfordshire,District,2020/21,61.01115942,Similar
93088,Percentage of adults (aged 18+) classified as overweight or obese,E92000001,England,E07000245,West Suffolk,District,2020/21,60.66622404,Similar
93088,Percentage of adults (aged 18+) classified as overweight or obese,E92000001,England,E09000033,Westminster,UA,2020/21,45.2659508,Better
93088,Percentage of adults (aged 18+) classified as overweight or obese,E92000001,England,E08000010,Wigan,UA,2020/21,73.68178685,Worse
93088,Percentage of adults (aged 18+) classified as overweight or obese,E92000001,England,E06000054,Wiltshire,UA,2020/21,61.78710804,Similar
93088,Percentage of adults (aged 18+) classified as overweight or obese,E92000001,England,E07000094,Winchester,District,2020/21,57.34786393,Better
93088,Percentage of adults (aged 18+) classified as overweight or obese,E92000001,England,E06000040,Windsor and Maidenhead,UA,2020/21,56.98291902,Better
93088,Percentage of adults (aged 18+) classified as overweight or obese,E92000001,England,E08000015,Wirral,UA,2020/21,71.80483593,Worse
93088,Percentage of adults (aged 18+) classified as overweight or obese,E92000001,England,E07000217,Woking,District,2020/21,56.69941224,Better
93088,Percentage of adults (aged 18+) classified as overweight or obese,E92000001,England,E06000041,Wokingham,UA,2020/21,60.15552082,Similar
93088,Percentage of adults (aged 18+) classified as overweight or obese,E92000001,England,E08000031,Wolverhampton,UA,2020/21,68.51665048,Worse
93088,Percentage of adults (aged 18+) classified as overweight or obese,E92000001,England,E07000237,Worcester,District,2020/21,63.22484269,Similar
93088,Percentage of adults (aged 18+) classified as overweight or obese,E92000001,England,E07000229,Worthing,District,2020/21,58.60713946,Better
93088,Percentage of adults (aged 18+) classified as overweight or obese,E92000001,England,E07000238,Wychavon,District,2020/21,65.7306584,Similar
93088,Percentage of adults (aged 18+) classified as overweight or obese,E92000001,England,E07000128,Wyre,District,2020/21,64.23254279,Similar
93088,Percentage of adults (aged 18+) classified as overweight or obese,E92000001,England,E07000239,Wyre Forest,District,2020/21,68.92177688,Worse
93088,Percentage of adults (aged 18+) classified as overweight or obese,E92000001,England,E06000014,York,UA,2020/21,63.59347005,Similar